[
  {
    "nom": "Abbesses",
    "point": {
      "x": 504,
      "y": 156
    },
    "stationGare": [
      {
        "id": 0,
        "ligne": 12
      }
    ]
  },
  {
    "nom": "Alexandre Dumas",
    "point": {
      "x": 846,
      "y": 373
    },
    "stationGare": [
      {
        "id": 1,
        "ligne": 2
      }
    ]
  },
  {
    "nom": "Alma Marceau",
    "point": {
      "x": 241,
      "y": 354
    },
    "stationGare": [
      {
        "id": 2,
        "ligne": 9
      }
    ]
  },
  {
    "nom": "Alésia",
    "point": {
      "x": 514,
      "y": 599
    },
    "stationGare": [
      {
        "id": 3,
        "ligne": 4
      }
    ]
  },
  {
    "nom": "Anatole France",
    "point": {
      "x": 226,
      "y": 131
    },
    "stationGare": [
      {
        "id": 4,
        "ligne": 3
      }
    ]
  },
  {
    "nom": "Anvers",
    "point": {
      "x": 550,
      "y": 172
    },
    "stationGare": [
      {
        "id": 5,
        "ligne": 2
      }
    ]
  },
  {
    "nom": "Argentine",
    "point": {
      "x": 186,
      "y": 258
    },
    "stationGare": [
      {
        "id": 6,
        "ligne": 1
      }
    ]
  },
  {
    "nom": "Arts et Métiers",
    "point": {
      "x": 658,
      "y": 324
    },
    "stationGare": [
      {
        "id": 7,
        "ligne": 11
      },
      {
        "id": 8,
        "ligne": 3
      }
    ]
  },
  {
    "nom": "Assemblée Nationale",
    "point": {
      "x": 331,
      "y": 399
    },
    "stationGare": [
      {
        "id": 9,
        "ligne": 12
      }
    ]
  },
  {
    "nom": "Aubervilliers-Pantin, Quatre Chemins",
    "point": {
      "x": 822,
      "y": 100
    },
    "stationGare": [
      {
        "id": 10,
        "ligne": 7
      }
    ]
  },
  {
    "nom": "Avenue Emile Zola",
    "point": {
      "x": 220,
      "y": 483
    },
    "stationGare": [
      {
        "id": 11,
        "ligne": 10
      }
    ]
  },
  {
    "nom": "Avron",
    "point": {
      "x": 851,
      "y": 406
    },
    "stationGare": [
      {
        "id": 12,
        "ligne": 2
      }
    ]
  },
  {
    "nom": "Barbès Rochechouart",
    "point": {
      "x": 603,
      "y": 174
    },
    "stationGare": [
      {
        "id": 13,
        "ligne": 2
      },
      {
        "id": 14,
        "ligne": 4
      }
    ]
  },
  {
    "nom": "Basilique de Saint-Denis",
    "point": {
      "x": 577,
      "y": 39
    },
    "stationGare": [
      {
        "id": 15,
        "ligne": 13
      }
    ]
  },
  {
    "nom": "Bastille",
    "point": {
      "x": 689,
      "y": 403
    },
    "stationGare": [
      {
        "id": 16,
        "ligne": 1
      },
      {
        "id": 17,
        "ligne": 5
      },
      {
        "id": 18,
        "ligne": 8
      }
    ]
  },
  {
    "nom": "Bel Air ",
    "point": {
      "x": 873,
      "y": 482
    },
    "stationGare": [
      {
        "id": 19,
        "ligne": 6
      }
    ]
  },
  {
    "nom": "Bellevile",
    "point": {
      "x": 762,
      "y": 254
    },
    "stationGare": [
      {
        "id": 20,
        "ligne": 11
      },
      {
        "id": 21,
        "ligne": 2
      }
    ]
  },
  {
    "nom": "Bercy",
    "point": {
      "x": 798,
      "y": 534
    },
    "stationGare": [
      {
        "id": 22,
        "ligne": 14
      },
      {
        "id": 23,
        "ligne": 6
      }
    ]
  },
  {
    "nom": "Bibliothèque François Mitterand ",
    "point": {
      "x": 797,
      "y": 578
    },
    "stationGare": [
      {
        "id": 24,
        "ligne": 14
      }
    ]
  },
  {
    "nom": "Billancourt",
    "point": {
      "x": 46,
      "y": 615
    },
    "stationGare": [
      {
        "id": 25,
        "ligne": 9
      }
    ]
  },
  {
    "nom": "Bir-Hakeim",
    "point": {
      "x": 180,
      "y": 437
    },
    "stationGare": [
      {
        "id": 26,
        "ligne": 6
      }
    ]
  },
  {
    "nom": "Blanche",
    "point": {
      "x": 446,
      "y": 174
    },
    "stationGare": [
      {
        "id": 26,
        "ligne": 2
      }
    ]
  },
  {
    "nom": "Bobigny, Pablo Picasso",
    "point": {
      "x": 981,
      "y": 115
    },
    "stationGare": [
      {
        "id": 28,
        "ligne": 5
      }
    ]
  },
  {
    "nom": "Bobigny-Pantin, Raymond Queneau",
    "point": {
      "x": 949,
      "y": 136
    },
    "stationGare": [
      {
        "id": 29,
        "ligne": 5
      }
    ]
  },
  {
    "nom": "Boissière",
    "point": {
      "x": 146,
      "y": 334
    },
    "stationGare": [
      {
        "id": 30,
        "ligne": 6
      }
    ]
  },
  {
    "nom": "Bolivar",
    "point": {
      "x": 781,
      "y": 208
    },
    "stationGare": [
      {
        "id": 31,
        "ligne": 6
      }
    ]
  },
  {
    "nom": "Bonne Nouvelle",
    "point": {
      "x": 586,
      "y": 285
    },
    "stationGare": [
      {
        "id": 32,
        "ligne": 8
      },
      {
        "id": 33,
        "ligne": 9
      }
    ]
  },
  {
    "nom": "Botzaris",
    "point": {
      "x": 848,
      "y": 215
    },
    "stationGare": [
      {
        "id": 34,
        "ligne": 6
      }
    ]
  },
  {
    "nom": "Boucicaut",
    "point": {
      "x": 236,
      "y": 555
    },
    "stationGare": [
      {
        "id": 35,
        "ligne": 8
      }
    ]
  },
  {
    "nom": "Boulogne, Jean Jaurès",
    "point": {
      "x": 22,
      "y": 553
    },
    "stationGare": [
      {
        "id": 36,
        "ligne": 10
      }
    ]
  },
  {
    "nom": "Boulogne, Pont de Saint-Cloud",
    "point": {
      "x": 22,
      "y": 576
    },
    "stationGare": [
      {
        "id": 37,
        "ligne": 10
      }
    ]
  },
  {
    "nom": "Bourse",
    "point": {
      "x": 493,
      "y": 328
    },
    "stationGare": [
      {
        "id": 38,
        "ligne": 3
      }
    ]
  },
  {
    "nom": "Brochant",
    "point": {
      "x": 361,
      "y": 128
    },
    "stationGare": [
      {
        "id": 39,
        "ligne": 13
      }
    ]
  },
  {
    "nom": "Bréguet-Sabin",
    "point": {
      "x": 714,
      "y": 379
    },
    "stationGare": [
      {
        "id": 40,
        "ligne": 5
      }
    ]
  },
  {
    "nom": "Buttes Chaumont",
    "point": {
      "x": 825,
      "y": 216
    },
    "stationGare": [
      {
        "id": 41,
        "ligne": 6
      }
    ]
  },
  {
    "nom": "Buzenval",
    "point": {
      "x": 900,
      "y": 413
    },
    "stationGare": [
      {
        "id": 42,
        "ligne": 9
      }
    ]
  },
  {
    "nom": "Bérault",
    "point": {
      "x": 959,
      "y": 470
    },
    "stationGare": [
      {
        "id": 43,
        "ligne": 1
      }
    ]
  },
  {
    "nom": "Cadet",
    "point": {
      "x": 524,
      "y": 231
    },
    "stationGare": [
      {
        "id": 44,
        "ligne": 7
      }
    ]
  },
  {
    "nom": "Cambronne",
    "point": {
      "x": 302,
      "y": 491
    },
    "stationGare": [
      {
        "id": 45,
        "ligne": 6
      }
    ]
  },
  {
    "nom": "Campo-Formio",
    "point": {
      "x": 671,
      "y": 543
    },
    "stationGare": [
      {
        "id": 46,
        "ligne": 5
      }
    ]
  },
  {
    "nom": "Cardinal Lemoine",
    "point": {
      "x": 587,
      "y": 474
    },
    "stationGare": [
      {
        "id": 47,
        "ligne": 10
      }
    ]
  },
  {
    "nom": "Carrefour Pleyel",
    "point": {
      "x": 484,
      "y": 50
    },
    "stationGare": [
      {
        "id": 48,
        "ligne": 13
      }
    ]
  },
  {
    "nom": "Censier Daubenton",
    "point": {
      "x": 599,
      "y": 520
    },
    "stationGare": [
      {
        "id": 49,
        "ligne": 8
      }
    ]
  },
  {
    "nom": "Champs Élysées, Clémenceau",
    "point": {
      "x": 305,
      "y": 344
    },
    "stationGare": [
      {
        "id": 50,
        "ligne": 1
      },
      {
        "id": 51,
        "ligne": 13
      }
    ]
  },
  {
    "nom": "Chardon Lagache",
    "point": {
      "x": 101,
      "y": 525
    },
    "stationGare": [
      {
        "id": 52,
        "ligne": 10
      }
    ]
  },
  {
    "nom": "Charenton-Écoles",
    "point": {
      "x": 897,
      "y": 580
    },
    "stationGare": [
      {
        "id": 53,
        "ligne": 8
      }
    ]
  },
  {
    "nom": "Charles Michels",
    "point": {
      "x": 202,
      "y": 498
    },
    "stationGare": [
      {
        "id": 54,
        "ligne": 10
      }
    ]
  },
  {
    "nom": "Charles de Gaulle, Étoile",
    "point": {
      "x": 217,
      "y": 277
    },
    "stationGare": [
      {
        "id": 55,
        "ligne": 1
      },
      {
        "id": 56,
        "ligne": 2
      },
      {
        "id": 57,
        "ligne": 6
      }
    ]
  },
  {
    "nom": "Charonne",
    "point": {
      "x": 817,
      "y": 386
    },
    "stationGare": [
      {
        "id": 58,
        "ligne": 9
      }
    ]
  },
  {
    "nom": "Chaussée d\u0027Antin, La Fayette",
    "point": {
      "x": 453,
      "y": 282
    },
    "stationGare": [
      {
        "id": 59,
        "ligne": 7
      },
      {
        "id": 60,
        "ligne": 9
      }
    ]
  },
  {
    "nom": "Chemin Vert",
    "point": {
      "x": 682,
      "y": 381
    },
    "stationGare": [
      {
        "id": 61,
        "ligne": 8
      }
    ]
  },
  {
    "nom": "Chevaleret",
    "point": {
      "x": 722,
      "y": 575
    },
    "stationGare": [
      {
        "id": 62,
        "ligne": 6
      }
    ]
  },
  {
    "nom": "Château Landon",
    "point": {
      "x": 699,
      "y": 212
    },
    "stationGare": [
      {
        "id": 63,
        "ligne": 7
      }
    ]
  },
  {
    "nom": "Château Rouge",
    "point": {
      "x": 571,
      "y": 152
    },
    "stationGare": [
      {
        "id": 64,
        "ligne": 4
      }
    ]
  },
  {
    "nom": "Château d\u0027Eau",
    "point": {
      "x": 632,
      "y": 244
    },
    "stationGare": [
      {
        "id": 65,
        "ligne": 4
      }
    ]
  },
  {
    "nom": "Château de Vincennes",
    "point": {
      "x": 978,
      "y": 481
    },
    "stationGare": [
      {
        "id": 66,
        "ligne": 1
      }
    ]
  },
  {
    "nom": "Châtelet",
    "point": {
      "x": 549,
      "y": 374
    },
    "stationGare": [
      {
        "id": 67,
        "ligne": 1
      },
      {
        "id": 68,
        "ligne": 11
      },
      {
        "id": 69,
        "ligne": 14
      },
      {
        "id": 70,
        "ligne": 4
      },
      {
        "id": 71,
        "ligne": 7
      }
    ]
  },
  {
    "nom": "Châtillon-Montrouge",
    "point": {
      "x": 330,
      "y": 676
    },
    "stationGare": [
      {
        "id": 72,
        "ligne": 13
      }
    ]
  },
  {
    "nom": "Cité",
    "point": {
      "x": 531,
      "y": 394
    },
    "stationGare": [
      {
        "id": 73,
        "ligne": 4
      }
    ]
  },
  {
    "nom": "Cluny, La Sorbonne",
    "point": {
      "x": 538,
      "y": 444
    },
    "stationGare": [
      {
        "id": 74,
        "ligne": 10
      }
    ]
  },
  {
    "nom": "Colonel Fabien",
    "point": {
      "x": 761,
      "y": 224
    },
    "stationGare": [
      {
        "id": 75,
        "ligne": 2
      }
    ]
  },
  {
    "nom": "Commerce",
    "point": {
      "x": 248,
      "y": 511
    },
    "stationGare": [
      {
        "id": 76,
        "ligne": 8
      }
    ]
  },
  {
    "nom": "Concorde",
    "point": {
      "x": 326,
      "y": 357
    },
    "stationGare": [
      {
        "id": 77,
        "ligne": 1
      },
      {
        "id": 78,
        "ligne": 12
      },
      {
        "id": 79,
        "ligne": 8
      }
    ]
  },
  {
    "nom": "Convention",
    "point": {
      "x": 284,
      "y": 591
    },
    "stationGare": [
      {
        "id": 80,
        "ligne": 12
      }
    ]
  },
  {
    "nom": "Corentin Celton",
    "point": {
      "x": 228,
      "y": 631
    },
    "stationGare": [
      {
        "id": 81,
        "ligne": 12
      }
    ]
  },
  {
    "nom": "Corentin-Cariou",
    "point": {
      "x": 774,
      "y": 138
    },
    "stationGare": [
      {
        "id": 82,
        "ligne": 7
      }
    ]
  },
  {
    "nom": "Corvisart",
    "point": {
      "x": 615,
      "y": 575
    },
    "stationGare": [
      {
        "id": 83,
        "ligne": 6
      }
    ]
  },
  {
    "nom": "Cour Saint-Émilion",
    "point": {
      "x": 819,
      "y": 564
    },
    "stationGare": [
      {
        "id": 84,
        "ligne": 14
      }
    ]
  },
  {
    "nom": "Courcelles",
    "point": {
      "x": 269,
      "y": 236
    },
    "stationGare": [
      {
        "id": 85,
        "ligne": 2
      }
    ]
  },
  {
    "nom": "Couronnes",
    "point": {
      "x": 786,
      "y": 275
    },
    "stationGare": [
      {
        "id": 86,
        "ligne": 2
      }
    ]
  },
  {
    "nom": "Crimée",
    "point": {
      "x": 756,
      "y": 148
    },
    "stationGare": [
      {
        "id": 87,
        "ligne": 7
      }
    ]
  },
  {
    "nom": "Croix de Chavaux ",
    "point": {
      "x": 962,
      "y": 369
    },
    "stationGare": [
      {
        "id": 88,
        "ligne": 9
      }
    ]
  },
  {
    "nom": "Créteil-Préfecture",
    "point": {
      "x": 900,
      "y": 677
    },
    "stationGare": [
      {
        "id": 89,
        "ligne": 8
      }
    ]
  },
  {
    "nom": "Créteil-Université",
    "point": {
      "x": 898,
      "y": 664
    },
    "stationGare": [
      {
        "id": 90,
        "ligne": 8
      }
    ]
  },
  {
    "nom": "Créteil-l\u0027Echat",
    "point": {
      "x": 899,
      "y": 652
    },
    "stationGare": [
      {
        "id": 91,
        "ligne": 8
      }
    ]
  },
  {
    "nom": "Danube",
    "point": {
      "x": 884,
      "y": 195
    },
    "stationGare": [
      {
        "id": 92,
        "ligne": 77
      }
    ]
  },
  {
    "nom": "Daumesnil",
    "point": {
      "x": 850,
      "y": 497
    },
    "stationGare": [
      {
        "id": 93,
        "ligne": 6
      },
      {
        "id": 94,
        "ligne": 8
      }
    ]
  },
  {
    "nom": "Denfert Rochereau",
    "point": {
      "x": 526,
      "y": 547
    },
    "stationGare": [
      {
        "id": 95,
        "ligne": 14
      },
      {
        "id": 96,
        "ligne": 6
      }
    ]
  },
  {
    "nom": "Dugommier",
    "point": {
      "x": 823,
      "y": 515
    },
    "stationGare": [
      {
        "id": 97,
        "ligne": 6
      }
    ]
  },
  {
    "nom": "Dupleix",
    "point": {
      "x": 207,
      "y": 456
    },
    "stationGare": [
      {
        "id": 98,
        "ligne": 6
      }
    ]
  },
  {
    "nom": "Duroc",
    "point": {
      "x": 361,
      "y": 490
    },
    "stationGare": [
      {
        "id": 99,
        "ligne": 13
      },
      {
        "id": 100,
        "ligne": 10
      }
    ]
  },
  {
    "nom": "Edgar Quinet",
    "point": {
      "x": 457,
      "y": 525
    },
    "stationGare": [
      {
        "id": 101,
        "ligne": 6
      }
    ]
  },
  {
    "nom": "Esplanade de la Défense ",
    "point": {
      "x": 83,
      "y": 183
    },
    "stationGare": [
      {
        "id": 102,
        "ligne": 1
      }
    ]
  },
  {
    "nom": "Europe",
    "point": {
      "x": 351,
      "y": 220
    },
    "stationGare": [
      {
        "id": 103,
        "ligne": 3
      }
    ]
  },
  {
    "nom": "Exelmans",
    "point": {
      "x": 88,
      "y": 554
    },
    "stationGare": [
      {
        "id": 104,
        "ligne": 9
      }
    ]
  },
  {
    "nom": "Faidherbe-Chaligny",
    "point": {
      "x": 767,
      "y": 437
    },
    "stationGare": [
      {
        "id": 105,
        "ligne": 8
      }
    ]
  },
  {
    "nom": "Falguière",
    "point": {
      "x": 387,
      "y": 516
    },
    "stationGare": [
      {
        "id": 106,
        "ligne": 12
      }
    ]
  },
  {
    "nom": "Filles du Calvaire",
    "point": {
      "x": 682,
      "y": 332
    },
    "stationGare": [
      {
        "id": 107,
        "ligne": 8
      }
    ]
  },
  {
    "nom": "Fort d\u0027Aubervilliers",
    "point": {
      "x": 851,
      "y": 75
    },
    "stationGare": [
      {
        "id": 108,
        "ligne": 7
      }
    ]
  },
  {
    "nom": "Franklin D. Roosevelt",
    "point": {
      "x": 280,
      "y": 324
    },
    "stationGare": [
      {
        "id": 109,
        "ligne": 1
      },
      {
        "id": 110,
        "ligne": 9
      }
    ]
  },
  {
    "nom": "Félix Faure",
    "point": {
      "x": 248,
      "y": 536
    },
    "stationGare": [
      {
        "id": 111,
        "ligne": 8
      }
    ]
  },
  {
    "nom": "Gabriel Péri, Asnières-Gennevilliers",
    "point": {
      "x": 260,
      "y": 57
    },
    "stationGare": [
      {
        "id": 112,
        "ligne": 13
      }
    ]
  },
  {
    "nom": "Gaité",
    "point": {
      "x": 440,
      "y": 556
    },
    "stationGare": [
      {
        "id": 113,
        "ligne": 13
      }
    ]
  },
  {
    "nom": "Galliéni",
    "point": {
      "x": 973,
      "y": 324
    },
    "stationGare": [
      {
        "id": 114,
        "ligne": 3
      }
    ]
  },
  {
    "nom": "Gambetta",
    "point": {
      "x": 895,
      "y": 323
    },
    "stationGare": [
      {
        "id": 115,
        "ligne": 3
      },
      {
        "id": 116,
        "ligne": 33
      }
    ]
  },
  {
    "nom": "Gare d\u0027Austerlitz",
    "point": {
      "x": 688,
      "y": 505
    },
    "stationGare": [
      {
        "id": 117,
        "ligne": 10
      },
      {
        "id": 118,
        "ligne": 5
      }
    ]
  },
  {
    "nom": "Gare de Lyon",
    "point": {
      "x": 726,
      "y": 468
    },
    "stationGare": [
      {
        "id": 119,
        "ligne": 1
      },
      {
        "id": 120,
        "ligne": 14
      }
    ]
  },
  {
    "nom": "Gare de l\u0027Est",
    "point": {
      "x": 662,
      "y": 226
    },
    "stationGare": [
      {
        "id": 121,
        "ligne": 4
      },
      {
        "id": 122,
        "ligne": 5
      },
      {
        "id": 123,
        "ligne": 7
      }
    ]
  },
  {
    "nom": "Gare du Nord",
    "point": {
      "x": 654,
      "y": 193
    },
    "stationGare": [
      {
        "id": 124,
        "ligne": 4
      },
      {
        "id": 125,
        "ligne": 5
      }
    ]
  },
  {
    "nom": "Garibaldi",
    "point": {
      "x": 406,
      "y": 87
    },
    "stationGare": [
      {
        "id": 126,
        "ligne": 13
      }
    ]
  },
  {
    "nom": "George V",
    "point": {
      "x": 250,
      "y": 304
    },
    "stationGare": [
      {
        "id": 127,
        "ligne": 1
      }
    ]
  },
  {
    "nom": "Glacière",
    "point": {
      "x": 578,
      "y": 574
    },
    "stationGare": [
      {
        "id": 128,
        "ligne": 6
      }
    ]
  },
  {
    "nom": "Goncourt",
    "point": {
      "x": 739,
      "y": 269
    },
    "stationGare": [
      {
        "id": 129,
        "ligne": 11
      }
    ]
  },
  {
    "nom": "Grande Arche de la Défense",
    "point": {
      "x": 64,
      "y": 166
    },
    "stationGare": [
      {
        "id": 130,
        "ligne": 1
      }
    ]
  },
  {
    "nom": "Guy Môquet",
    "point": {
      "x": 386,
      "y": 127
    },
    "stationGare": [
      {
        "id": 131,
        "ligne": 13
      }
    ]
  },
  {
    "nom": "Havre Caumartin",
    "point": {
      "x": 402,
      "y": 283
    },
    "stationGare": [
      {
        "id": 132,
        "ligne": 11
      },
      {
        "id": 133,
        "ligne": 9
      }
    ]
  },
  {
    "nom": "Hoche",
    "point": {
      "x": 890,
      "y": 163
    },
    "stationGare": [
      {
        "id": 134,
        "ligne": 5
      }
    ]
  },
  {
    "nom": "Hôtel de Ville ",
    "point": {
      "x": 596,
      "y": 369
    },
    "stationGare": [
      {
        "id": 135,
        "ligne": 1
      },
      {
        "id": 136,
        "ligne": 11
      }
    ]
  },
  {
    "nom": "Invalides",
    "point": {
      "x": 305,
      "y": 392
    },
    "stationGare": [
      {
        "id": 137,
        "ligne": 13
      },
      {
        "id": 138,
        "ligne": 8
      }
    ]
  },
  {
    "nom": "Iéna",
    "point": {
      "x": 191,
      "y": 370
    },
    "stationGare": [
      {
        "id": 139,
        "ligne": 9
      }
    ]
  },
  {
    "nom": "Jacques Bonsergent",
    "point": {
      "x": 676,
      "y": 266
    },
    "stationGare": [
      {
        "id": 140,
        "ligne": 5
      }
    ]
  },
  {
    "nom": "Jasmin",
    "point": {
      "x": 87,
      "y": 472
    },
    "stationGare": [
      {
        "id": 141,
        "ligne": 9
      }
    ]
  },
  {
    "nom": "Jaurès",
    "point": {
      "x": 757,
      "y": 194
    },
    "stationGare": [
      {
        "id": 142,
        "ligne": 2
      },
      {
        "id": 143,
        "ligne": 5
      },
      {
        "id": 144,
        "ligne": 77
      }
    ]
  },
  {
    "nom": "Javel André Citroën",
    "point": {
      "x": 168,
      "y": 504
    },
    "stationGare": [
      {
        "id": 145,
        "ligne": 10
      }
    ]
  },
  {
    "nom": "Jourdain",
    "point": {
      "x": 844,
      "y": 240
    },
    "stationGare": [
      {
        "id": 146,
        "ligne": 11
      }
    ]
  },
  {
    "nom": "Jules Joffrin",
    "point": {
      "x": 535,
      "y": 133
    },
    "stationGare": [
      {
        "id": 147,
        "ligne": 12
      }
    ]
  },
  {
    "nom": "Jussieu",
    "point": {
      "x": 620,
      "y": 481
    },
    "stationGare": [
      {
        "id": 148,
        "ligne": 10
      },
      {
        "id": 149,
        "ligne": 7
      }
    ]
  },
  {
    "nom": "Kléber",
    "point": {
      "x": 180,
      "y": 307
    },
    "stationGare": [
      {
        "id": 150,
        "ligne": 6
      }
    ]
  },
  {
    "nom": "La Chapelle",
    "point": {
      "x": 662,
      "y": 176
    },
    "stationGare": [
      {
        "id": 151,
        "ligne": 2
      }
    ]
  },
  {
    "nom": "La Courneuve, 8 Mai 1945",
    "point": {
      "x": 851,
      "y": 49
    },
    "stationGare": [
      {
        "id": 152,
        "ligne": 7
      }
    ]
  },
  {
    "nom": "La Fourche",
    "point": {
      "x": 387,
      "y": 154
    },
    "stationGare": [
      {
        "id": 153,
        "ligne": 13
      }
    ]
  },
  {
    "nom": "La Motte Picquet, Grenelle",
    "point": {
      "x": 249,
      "y": 476
    },
    "stationGare": [
      {
        "id": 154,
        "ligne": 10
      },
      {
        "id": 155,
        "ligne": 6
      },
      {
        "id": 156,
        "ligne": 8
      }
    ]
  },
  {
    "nom": "La Muette",
    "point": {
      "x": 87,
      "y": 407
    },
    "stationGare": [
      {
        "id": 157,
        "ligne": 9
      }
    ]
  },
  {
    "nom": "La Tour-Maubourg",
    "point": {
      "x": 276,
      "y": 410
    },
    "stationGare": [
      {
        "id": 158,
        "ligne": 8
      }
    ]
  },
  {
    "nom": "Lamarck Caulaincourt",
    "point": {
      "x": 504,
      "y": 138
    },
    "stationGare": [
      {
        "id": 159,
        "ligne": 12
      }
    ]
  },
  {
    "nom": "Laumière",
    "point": {
      "x": 787,
      "y": 172
    },
    "stationGare": [
      {
        "id": 160,
        "ligne": 5
      }
    ]
  },
  {
    "nom": "Le Kremlin-Bicêtre",
    "point": {
      "x": 641,
      "y": 630
    },
    "stationGare": [
      {
        "id": 161,
        "ligne": 7
      }
    ]
  },
  {
    "nom": "Le Peletier",
    "point": {
      "x": 505,
      "y": 244
    },
    "stationGare": [
      {
        "id": 162,
        "ligne": 7
      }
    ]
  },
  {
    "nom": "Ledru Rollin",
    "point": {
      "x": 715,
      "y": 422
    },
    "stationGare": [
      {
        "id": 163,
        "ligne": 8
      }
    ]
  },
  {
    "nom": "Les Gobelins",
    "point": {
      "x": 621,
      "y": 548
    },
    "stationGare": [
      {
        "id": 164,
        "ligne": 7
      }
    ]
  },
  {
    "nom": "Les Halles",
    "point": {
      "x": 550,
      "y": 352
    },
    "stationGare": [
      {
        "id": 165,
        "ligne": 4
      }
    ]
  },
  {
    "nom": "Les Sablons ",
    "point": {
      "x": 126,
      "y": 215
    },
    "stationGare": [
      {
        "id": 166,
        "ligne": 1
      }
    ]
  },
  {
    "nom": "Liberté",
    "point": {
      "x": 880,
      "y": 567
    },
    "stationGare": [
      {
        "id": 167,
        "ligne": 8
      }
    ]
  },
  {
    "nom": "Liège",
    "point": {
      "x": 387,
      "y": 205
    },
    "stationGare": [
      {
        "id": 168,
        "ligne": 13
      }
    ]
  },
  {
    "nom": "Louis Blanc",
    "point": {
      "x": 723,
      "y": 199
    },
    "stationGare": [
      {
        "id": 169,
        "ligne": 7
      },
      {
        "id": 170,
        "ligne": 77
      }
    ]
  },
  {
    "nom": "Louise Michel",
    "point": {
      "x": 239,
      "y": 140
    },
    "stationGare": [
      {
        "id": 171,
        "ligne": 3
      }
    ]
  },
  {
    "nom": "Lourmel",
    "point": {
      "x": 212,
      "y": 570
    },
    "stationGare": [
      {
        "id": 172,
        "ligne": 8
      }
    ]
  },
  {
    "nom": "Louvre, Rivoli",
    "point": {
      "x": 457,
      "y": 368
    },
    "stationGare": [
      {
        "id": 173,
        "ligne": 1
      }
    ]
  },
  {
    "nom": "Mabillon",
    "point": {
      "x": 470,
      "y": 444
    },
    "stationGare": [
      {
        "id": 174,
        "ligne": 10
      }
    ]
  },
	{
		"nom": "Madeleine",
		"point": {
						"x":10,
						"y":10
		},
		"stationGare": [
						{
										"id":175,
										"ligne": 12
						},
						{
										"id":176,
										"ligne":14
						},
						{
										"id":177,
										"ligne":8
						}
						]
	},
  {
    "nom": "Mairie d\u0027Issy",
    "point": {
      "x": 200,
      "y": 648
    },
    "stationGare": [
      {
        "id": 178,
        "ligne": 12
      }
    ]
  },
  {
    "nom": "Mairie d\u0027Ivry",
    "point": {
      "x": 793,
      "y": 646
    },
    "stationGare": [
      {
        "id": 179,
        "ligne": 7
      }
    ]
  },
  {
    "nom": "Mairie de Clichy",
    "point": {
      "x": 294,
      "y": 82
    },
    "stationGare": [
      {
        "id": 180,
        "ligne": 13
      }
    ]
  },
  {
    "nom": "Mairie de Montreuil",
    "point": {
      "x": 975,
      "y": 355
    },
    "stationGare": [
      {
        "id": 181,
        "ligne": 9
      }
    ]
  },
  {
    "nom": "Mairie de St-Ouen ",
    "point": {
      "x": 435,
      "y": 62
    },
    "stationGare": [
      {
        "id": 182,
        "ligne": 13
      }
    ]
  },
  {
    "nom": "Mairie des Lilas",
    "point": {
      "x": 978,
      "y": 214
    },
    "stationGare": [
      {
        "id": 183,
        "ligne": 11
      }
    ]
  },
  {
    "nom": "Maison Blanche",
    "point": {
      "x": 639,
      "y": 609
    },
    "stationGare": [
      {
        "id": 184,
        "ligne": 7
      }
    ]
  },
  {
    "nom": "Maisons-Alfort les Juilliottes",
    "point": {
      "x": 900,
      "y": 634
    },
    "stationGare": [
      {
        "id": 185, 
        "ligne": 8
      }
    ]
  },
  {
    "nom": "Maisons-Alfort, Stade",
    "point": {
      "x": 900,
      "y": 616
    },
    "stationGare": [
      {
        "id": 186,
        "ligne": 8
      }
    ]
  },
  {
    "nom": "Malakoff-Plateau de Vanves ",
    "point": {
      "x": 331,
      "y": 642
    },
    "stationGare": [
      {
        "id": 187,
        "ligne": 13
      }
    ]
  },
  {
    "nom": "Malakoff-Rue Étienne Dolet",
    "point": {
      "x": 331,
      "y": 659
    },
    "stationGare": [
      {
        "id": 188,
        "ligne": 13
      }
    ]
  },
  {
    "nom": "Malesherbes",
    "point": {
      "x": 304,
      "y": 188
    },
    "stationGare": [
      {
        "id": 189,
        "ligne": 3
      }
    ]
  },
  {
    "nom": "Maraîchers",
    "point": {
      "x": 918,
      "y": 402
    },
    "stationGare": [
      {
        "id": 190,
        "ligne": 9
      }
    ]
  },
  {
    "nom": "Marcadet Poissonniers",
    "point": {
      "x": 570,
      "y": 135
    },
    "stationGare": [
      {
        "id": 191,
        "ligne": 12
      },
      {
        "id": 192,
        "ligne": 8
      }
    ]
  },
  {
    "nom": "Marcel Sembat ",
    "point": {
      "x": 76,
      "y": 595
    },
    "stationGare": [
      {
        "id": 193,
        "ligne": 9
      }
    ]
  },
  {
    "nom": "Marx Dormoy",
    "point": {
      "x": 663,
      "y": 130
    },
    "stationGare": [
      {
        "id": 194,
        "ligne": 12
      }
    ]
  },
  {
    "nom": "Maubert Mutualité",
    "point": {
      "x": 565,
      "y": 458
    },
    "stationGare": [
      {
        "id": 195,
        "ligne": 10
      }
    ]
  },
  {
    "nom": "Michel Ange Auteuil",
    "point": {
      "x": 87,
      "y": 504
    },
    "stationGare": [
      {
        "id": 196,
        "ligne": 10
      },
      {
        "id": 197,
        "ligne": 9
      }
    ]
  },
  {
    "nom": "Michel Ange Molitor",
    "point": {
      "x": 87,
      "y": 528
    },
    "stationGare": [
      {
        "id": 198,
        "ligne": 10
      },
      {
        "id": 199,
        "ligne": 9
      }
    ]
  },
  {
    "nom": "Michel Bizot",
    "point": {
      "x": 870,
      "y": 512
    },
    "stationGare": [
      {
        "id": 200,
        "ligne": 8
      }
    ]
  },
  {
    "nom": "Mirabeau ",
    "point": {
      "x": 131,
      "y": 516
    },
    "stationGare": [
      {
        "id": 201,
        "ligne": 10
      }
    ]
  },
	{
					"nom":"Micormesnil",
					"point": {
									"x":10,
									"y":10
					},
					"stationGare": [
									{
													"id":202,
													"ligne":13
									},
									{
													"id":203,
													"ligne":9

									}
					]
	},
  {
    "nom": "Monceau",
    "point": {
      "x": 296,
      "y": 218
    },
    "stationGare": [
      {
        "id": 204,
        "ligne": 2
      }
    ]
  },
  {
    "nom": "Montgallet",
    "point": {
      "x": 821,
      "y": 474
    },
    "stationGare": [
      {
        "id": 205,
        "ligne": 8
      }
    ]
  },
  {
    "nom": "Montparnasse Bienvenue",
    "point": {
      "x": 439,
      "y": 519
    },
    "stationGare": [
      {
        "id": 206,
        "ligne": 12
      },
      {
        "id": 207,
        "ligne": 13
      },
      {
        "id": 208,
        "ligne": 4
      },
      {
        "id": 209,
        "ligne": 6
      }
    ]
  },
  {
    "nom": "Mouton-Duvernet",
    "point": {
      "x": 525,
      "y": 571
    },
    "stationGare": [
      {
        "id": 210,
        "ligne": 4
      }
    ]
  },
  {
    "nom": "Ménilmontant",
    "point": {
      "x": 819,
      "y": 296
    },
    "stationGare": [
      {
        "id": 211,
        "ligne": 2
      }
    ]
  },
  {
    "nom": "Nation",
    "point": {
      "x": 857,
      "y": 433
    },
    "stationGare": [
      {
        "id": 212,
        "ligne": 1
      },
      {
        "id": 213,
        "ligne": 2
      },
      {
        "id": 214,
        "ligne": 6
      },
      {
        "id": 215,
        "ligne": 9
      }
    ]
  },
	{
					"nom": "Nationale",
					"point": {
							"x":10,
							"y":10
					},
					"stationGare": [
									{
													"id": 216,
													"ligne": 6
									}
					]
	},
  {
    "nom": "Notre Dame de Lorette",
    "point": {
      "x": 493,
      "y": 234
    },
    "stationGare": [
      {
        "id": 217,
        "ligne": 12
      }
    ]
  },
  {
    "nom": "Notre-Dame-des-Champs",
    "point": {
      "x": 462,
      "y": 502
    },
    "stationGare": [
      {
        "id": 218,
        "ligne": 12
      }
    ]
  },
  {
    "nom": "Oberkampf",
    "point": {
      "x": 720,
      "y": 314
    },
    "stationGare": [
      {
        "id": 219,
        "ligne": 5
      },
      {
        "id": 220,
        "ligne": 9
      }
    ]
  },
  {
    "nom": "Odéon",
    "point": {
      "x": 506,
      "y": 441
    },
    "stationGare": [
      {
        "id": 221,
        "ligne": 10
      },
      {
        "id": 222,
        "ligne": 4
      }
    ]
  },
  {
    "nom": "Opéra",
    "point": {
      "x": 424,
      "y": 301
    },
    "stationGare": [
      {
        "id": 223,
        "ligne": 3
      },
      {
        "id": 224,
        "ligne": 7
      },
      {
        "id": 225,
        "ligne": 8
      }
    ]
  },
  {
    "nom": "Ourcq",
    "point": {
      "x": 814,
      "y": 163
    },
    "stationGare": [
      {
        "id": 226,
        "ligne": 5
      }
    ]
  },
  {
    "nom": "Palais Royal, Musée du Louvre ",
    "point": {
      "x": 424,
      "y": 368
    },
    "stationGare": [
      {
        "id": 227,
        "ligne": 1
      },
      {
        "id": 228,
        "ligne": 7
      }
    ]
  },
  {
    "nom": "Parmentier",
    "point": {
      "x": 787,
      "y": 315
    },
    "stationGare": [
      {
        "id": 229,
        "ligne": 3
      }
    ]
  },
  {
    "nom": "Passy",
    "point": {
      "x": 144,
      "y": 412
    },
    "stationGare": [
      {
        "id": 230,
        "ligne": 6
      }
    ]
  },
  {
    "nom": "Pasteur",
    "point": {
      "x": 373,
      "y": 523
    },
    "stationGare": [
      {
        "id": 231,
        "ligne": 12
      },
      {
        "id": 232,
        "ligne": 6
      }
    ]
  },
  {
    "nom": "Pelleport",
    "point": {
      "x": 929,
      "y": 291
    },
    "stationGare": [
      {
        "id": 233,
        "ligne": 33
      }
    ]
  },
  {
    "nom": "Pernety",
    "point": {
      "x": 422,
      "y": 570
    },
    "stationGare": [
      {
        "id": 234,
        "ligne": 13
      }
    ]
  },
  {
    "nom": "Philippe-Auguste",
    "point": {
      "x": 847,
      "y": 346
    },
    "stationGare": [
      {
        "id": 235,
        "ligne": 2
      }
    ]
  },
	{
		"nom": "Picpus",
		"point": {
						"x": 10,
						"y": 10
		},
		"stationGare": [
						{
										"id": 236,
										"ligne": 6
						}
		]
	},
  {
    "nom": "Pierre Curie",
    "point": {
      "x": 775,
      "y": 632
    },
    "stationGare": [
      {
        "id": 237,
        "ligne": 7
      }
    ]
  },
  {
    "nom": "Pigaille",
    "point": {
      "x": 505,
      "y": 174
    },
    "stationGare": [
      {
        "id": 238,
        "ligne": 12
      },
      {
        "id": 239,
        "ligne": 2
      }
    ]
  },
  {
    "nom": "Balard",
    "point": {
      "x": 186,
      "y": 591
    },
    "stationGare": [
      {
        "id": 240,
        "ligne": 8
      }
    ]
  },
  {
    "nom": "Place Monge",
    "point": {
      "x": 597,
      "y": 498
    },
    "stationGare": [
      {
        "id": 241,
        "ligne": 7
      }
    ]
  },
  {
    "nom": "Place d\u0027Italie",
    "point": {
      "x": 644,
      "y": 574
    },
    "stationGare": [
      {
        "id": 242,
        "ligne": 5
      },
      {
        "id": 243,
        "ligne": 6
      },
      {
        "id": 244,
        "ligne": 7
      }
    ]
  },
  {
    "nom": "Place de Clichy",
    "point": {
      "x": 387,
      "y": 174
    },
    "stationGare": [
      {
        "id": 245,
        "ligne": 13
      },
      {
        "id": 246,
        "ligne": 2
      }
    ]
  },
  {
    "nom": "247",
    "point": {
      "x": 884,
      "y": 238
    },
    "stationGare": [
      {
        "id": 247,
        "ligne": 11
      },
      {
        "id": 248,
        "ligne": 77
      }
    ]
  },
  {
    "nom": "Plaisance",
    "point": {
      "x": 396,
      "y": 588
    },
    "stationGare": [
      {
        "id": 249,
        "ligne": 13
      }
    ]
  },
  {
    "nom": "Poissonnière",
    "point": {
      "x": 580,
      "y": 224
    },
    "stationGare": [
      {
        "id": 250,
        "ligne": 7
      }
    ]
  },
  {
    "nom": "Pont de Levallois, Bécon",
    "point": {
      "x": 211,
      "y": 122
    },
    "stationGare": [
      {
        "id": 251,
        "ligne": 3
      }
    ]
  },
  {
    "nom": "Pont de Neuilly",
    "point": {
      "x": 103,
      "y": 198
    },
    "stationGare": [
      {
        "id": 252,
        "ligne": 1
      }
    ]
  },
  {
    "nom": "Pont de Sèvres",
    "point": {
      "x": 31,
      "y": 625
    },
    "stationGare": [
      {
        "id": 253,
        "ligne": 9
      }
    ]
  },
  {
    "nom": "Pont-Marie",
    "point": {
      "x": 612,
      "y": 407
    },
    "stationGare": [
      {
        "id": 55,
        "ligne": 7
      }
    ]
  },
  {
    "nom": "Pont-Neuf",
    "point": {
      "x": 496,
      "y": 373
    },
    "stationGare": [
      {
        "id": 255,
        "ligne": 7
      }
    ]
  },
  {
    "nom": "Porte Dauphine",
    "point": {
      "x": 116,
      "y": 282
    },
    "stationGare": [
      {
        "id": 256,
        "ligne": 2
      }
    ]
  },
  {
    "nom": "Porte Dorée",
    "point": {
      "x": 886,
      "y": 526
    },
    "stationGare": [
      {
        "id": 257,
        "ligne": 8
      }
    ]
  },
  {
    "nom": "Porte Maillot",
    "point": {
      "x": 150,
      "y": 232
    },
    "stationGare": [
      {
        "id": 258,
        "ligne": 1
      }
    ]
  },
  {
    "nom": "Porte d\u0027Auteuil",
    "point": {
      "x": 52,
      "y": 512
    },
    "stationGare": [
      {
        "id": 259,
        "ligne": 10
      }
    ]
  },
  {
    "nom": "Porte d\u0027Italie",
    "point": {
      "x": 673,
      "y": 619
    },
    "stationGare": [
      {
        "id": 260,
        "ligne": 7
      }
    ]
  },
  {
    "nom": "Porte d\u0027Ivry",
    "point": {
      "x": 749,
      "y": 621
    },
    "stationGare": [
      {
        "id": 261,
        "ligne": 7
      }
    ]
  },
  {
    "nom": "Porte d\u0027Orléans",
    "point": {
      "x": 489,
      "y": 618
    },
    "stationGare": [
      {
        "id": 262,
        "ligne": 4
      }
    ]
  },
  {
    "nom": "Porte de Bagnolet",
    "point": {
      "x": 949,
      "y": 324
    },
    "stationGare": [
      {
        "id": 263,
        "ligne": 3
      }
    ]
  },
  {
    "nom": "Porte de Champerret",
    "point": {
      "x": 255,
      "y": 151
    },
    "stationGare": [
      {
        "id": 264,
        "ligne": 3
      }
    ]
  },
  {
    "nom": "Porte de Charenton",
    "point": {
      "x": 860,
      "y": 548
    },
    "stationGare": [
      {
        "id": 265,
        "ligne": 8
      }
    ]
  },
  {
    "nom": "Porte de Choisy",
    "point": {
      "x": 711,
      "y": 620
    },
    "stationGare": [
      {
        "id": 266,
        "ligne": 7
      }
    ]
  },
  {
    "nom": "Porte de Clichy",
    "point": {
      "x": 337,
      "y": 111
    },
    "stationGare": [
      {
        "id": 267,
        "ligne": 13
      }
    ]
  },
  {
    "nom": "Porte de Clignancourt",
    "point": {
      "x": 539,
      "y": 104
    },
    "stationGare": [
      {
        "id": 268,
        "ligne": 4
      }
    ]
  },
  {
    "nom": "Porte de Montreuil",
    "point": {
      "x": 933,
      "y": 391
    },
    "stationGare": [
      {
        "id": 269,
        "ligne": 9
      }
    ]
  },
  {
    "nom": "Porte de Pantin",
    "point": {
      "x": 854,
      "y": 164
    },
    "stationGare": [
      {
        "id": 270,
        "ligne": 5
      }
    ]
  },
  {
    "nom": "Porte de Saint-Cloud",
    "point": {
      "x": 87,
      "y": 572
    },
    "stationGare": [
      {
        "id": 271,
        "ligne": 9
      }
    ]
  },
  {
    "nom": "Porte de Saint-Ouen",
    "point": {
      "x": 387,
      "y": 107
    },
    "stationGare": [
      {
        "id": 272,
        "ligne": 13
      }
    ]
  },
  {
    "nom": "Porte de Vanves",
    "point": {
      "x": 371,
      "y": 609
    },
    "stationGare": [
      {
        "id": 273,
        "ligne": 13
      }
    ]
  },
  {
    "nom": "Porte de Versailles",
    "point": {
      "x": 257,
      "y": 609
    },
    "stationGare": [
      {
        "id": 274,
        "ligne": 12
      }
    ]
  },
  {
    "nom": "Porte de Vincennes",
    "point": {
      "x": 929,
      "y": 447
    },
    "stationGare": [
      {
        "id": 275,
        "ligne": 1
      }
    ]
  },
  {
    "nom": "Porte de la Chapelle",
    "point": {
      "x": 666,
      "y": 113
    },
    "stationGare": [
      {
        "id": 276,
        "ligne": 12
      }
    ]
  },
  {
    "nom": "Porte de la Villette",
    "point": {
      "x": 791,
      "y": 124
    },
    "stationGare": [
      {
        "id": 277,
        "ligne": 7
      }
    ]
  },
  {
    "nom": "Porte des Lilas",
    "point": {
      "x": 952,
      "y": 237
    },
    "stationGare": [
      {
        "id": 278,
        "ligne": 11
      },
      {
        "id": 279,
        "ligne": 33
      }
    ]
  },
  {
    "nom": "Pré-Saint-Gervais",
    "point": {
      "x": 910,
      "y": 207
    },
    "stationGare": [
      {
        "id": 280,
        "ligne": 77
      }
    ]
  },
  {
    "nom": "Pyramides",
    "point": {
      "x": 425,
      "y": 333
    },
    "stationGare": [
      {
        "id": 281,
        "ligne": 14
      },
      {
        "id": 282,
        "ligne": 7
      }
    ]
  },
  {
    "nom": "Pyrénées",
    "point": {
      "x": 801,
      "y": 237
    },
    "stationGare": [
      {
        "id": 283,
        "ligne": 11
      }
    ]
  },
  {
    "nom": "Père Lachaise",
    "point": {
      "x": 846,
      "y": 325
    },
    "stationGare": [
      {
        "id": 284,
        "ligne": 2
      },
      {
        "id": 285,
        "ligne": 3
      }
    ]
  },
  {
    "nom": "Quai de la Gare",
    "point": {
      "x": 760,
      "y": 562
    },
    "stationGare": [
      {
        "id": 287,
        "ligne": 6
      }
    ]
  },
  {
    "nom": "Quai de la Rapée",
    "point": {
      "x": 689,
      "y": 465
    },
    "stationGare": [
      {
        "id": 288,
        "ligne": 5
      }
    ]
  },
  {
    "nom": "Quatre Septembre",
    "point": {
      "x": 452,
      "y": 318
    },
    "stationGare": [
      {
        "id": 289,
        "ligne": 3
      }
    ]
  },
  {
    "nom": "Rambuteau",
    "point": {
      "x": 629,
      "y": 347
    },
    "stationGare": [
      {
        "id": 290,
        "ligne": 11
      }
    ]
  },
  {
    "nom": "Ranelagh",
    "point": {
      "x": 87,
      "y": 440
    },
    "stationGare": [
      {
        "id": 291,
        "ligne": 9
      }
    ]
  },
  {
    "nom": "Raspail",
    "point": {
      "x": 507,
      "y": 532
    },
    "stationGare": [
      {
        "id": 292,
        "ligne": 4
      },
      {
        "id": 293,
        "ligne": 6
      }
    ]
  },
  {
    "nom": "Rennes",
    "point": {
      "x": 435,
      "y": 473
    },
    "stationGare": [
      {
        "id": 294,
        "ligne": 12
      }
    ]
  },
  {
    "nom": "Reuilly Diderot",
    "point": {
      "x": 793,
      "y": 456
    },
    "stationGare": [
      {
        "id": 295,
        "ligne": 1
      },
      {
        "id": 296,
        "ligne": 8
      }
    ]
  },
  {
    "nom": "Richard Lenoir",
    "point": {
      "x": 738,
      "y": 362
    },
    "stationGare": [
      {
        "id": 297,
        "ligne": 5
      }
    ]
  },
  {
    "nom": "Richard Lenoir",
    "point": {
      "x": 490,
      "y": 284
    },
    "stationGare": [
      {
        "id": 288,
        "ligne": 8
      },
      {
        "id": 299,
        "ligne": 9
      }
    ]
  },
  {
    "nom": "Riquet",
    "point": {
      "x": 740,
      "y": 162
    },
    "stationGare": [
      {
        "id": 300,
        "ligne": 7
      }
    ]
  },
  {
    "nom": "301",
    "point": {
      "x": 947,
      "y": 381
    },
    "stationGare": [
      {
        "id": 9,
        "ligne": 9
      }
    ]
  },
  {
    "nom": "Rome",
    "point": {
      "x": 352,
      "y": 179
    },
    "stationGare": [
      {
        "id": 302,
        "ligne": 2
      }
    ]
  },
  {
    "nom": "Grands Boulevards",
    "point": {
      "x": 529,
      "y": 284
    },
    "stationGare": [
      {
        "id": 303,
        "ligne": 8
      },
      {
        "id": 304,
        "ligne": 9
      }
    ]
  },
  {
    "nom": "Rue Saint-Maur",
    "point": {
      "x": 813,
      "y": 324
    },
    "stationGare": [
      {
        "id": 305,
        "ligne": 3
      }
    ]
  },
  {
    "nom": "Rue de la Pompe",
    "point": {
      "x": 91,
      "y": 369
    },
    "stationGare": [
      {
        "id": 306,
        "ligne": 9
      }
    ]
  },
  {
    "nom": "Rue des Boulets",
    "point": {
      "x": 837,
      "y": 401
    },
    "stationGare": [
      {
        "id": 307,
        "ligne": 9
      }
    ]
  },
  {
    "nom": "Rue du Bac",
    "point": {
      "x": 385,
      "y": 437
    },
    "stationGare": [
      {
        "id": 308,
        "ligne": 12
      }
    ]
  },
  {
    "nom": "Réaumur Sébastopol",
    "point": {
      "x": 590,
      "y": 329
    },
    "stationGare": [
      {
        "id": 309,
        "ligne": 3
      },
      {
        "id": 310,
        "ligne": 4
      }
    ]
  },
  {
    "nom": "Saint-Ambroise",
    "point": {
      "x": 775,
      "y": 357
    },
    "stationGare": [
      {
        "id": 316,
        "ligne": 9
      }
    ]
  },
  {
    "nom": "Saint-Augustin",
    "point": {
      "x": 359,
      "y": 271
    },
    "stationGare": [
      {
        "id": 317,
        "ligne": 9
      }
    ]
  },
  {
    "nom": "Saint-Denis-Porte de Paris",
    "point": {
      "x": 552,
      "y": 46
    },
    "stationGare": [
      {
        "id": 318,
        "ligne": 13
      }
    ]
  },
  {
    "nom": "Saint-Denis-Université",
    "point": {
      "x": 596,
      "y": 28
    },
    "stationGare": [
      {
        "id": 319,
        "ligne": 13
      }
    ]
  },
  {
    "nom": "Saint-Fargeau",
    "point": {
      "x": 952,
      "y": 269
    },
    "stationGare": [
      {
        "id": 320,
        "ligne": 33
      }
    ]
  },
  {
    "nom": "Saint-Francois Xavier",
    "point": {
      "x": 322,
      "y": 462
    },
    "stationGare": [
      {
        "id": 321,
        "ligne": 13
      }
    ]
  },
  {
    "nom": "Saint-Georges",
    "point": {
      "x": 504,
      "y": 206
    },
    "stationGare": [
      {
        "id": 322,
        "ligne": 13
      }
    ]
  },
  {
    "nom": "Saint-Germain-des-Prés",
    "point": {
      "x": 456,
      "y": 439
    },
    "stationGare": [
      {
        "id": 323,
        "ligne": 4
      }
    ]
  },
  {
    "nom": "Saint-Jacques",
    "point": {
      "x": 550,
      "y": 564
    },
    "stationGare": [
      {
        "id": 324,
        "ligne": 6
      }
    ]
  },
  {
    "nom": "Saint-Lazare",
    "point": {
      "x": 385,
      "y": 253
    },
    "stationGare": [
      {
        "id": 325,
        "ligne": 12
      },
      {
        "id": 326,
        "ligne": 13
      }
    ]
  },
  {
    "nom": "Saint-Mandé",
    "point": {
      "x": 945,
      "y": 459
    },
    "stationGare": [
      {
        "id": 328,
        "ligne": 1
      }
    ]
  },
  {
    "nom": "Saint-Marcel",
    "point": {
      "x": 690,
      "y": 528
    },
    "stationGare": [
      {
        "id": 329,
        "ligne": 5
      }
    ]
  },
  {
    "nom": "Saint-Michel",
    "point": {
      "x": 514,
      "y": 425
    },
    "stationGare": [
      {
        "id": 330,
        "ligne": 4
      }
    ]
  },
  {
    "nom": "Saint-Paul",
    "point": {
      "x": 638,
      "y": 398
    },
    "stationGare": [
      {
        "id": 331,
        "ligne": 1
      }
    ]
  },
  {
    "nom": "Saint-Philippe du Roule",
    "point": {
      "x": 316,
      "y": 300
    },
    "stationGare": [
      {
        "id": 332,
        "ligne": 9
      }
    ]
  },
  {
    "nom": "Saint-Placide",
    "point": {
      "x": 444,
      "y": 490
    },
    "stationGare": [
      {
        "id": 333,
        "ligne": 4
      }
    ]
  },
  {
    "nom": "Saint-Sulpice",
    "point": {
      "x": 446,
      "y": 464
    },
    "stationGare": [
      {
        "id": 334,
        "ligne": 4
      }
    ]
  },
  {
    "nom": "Saint-Sébastien-Froissart",
    "point": {
      "x": 682,
      "y": 355
    },
    "stationGare": [
      {
        "id": 335,
        "ligne": 8
      }
    ]
  },
  {
    "nom": "Sentier",
    "point": {
      "x": 534,
      "y": 327
    },
    "stationGare": [
      {
        "id": 336,
        "ligne": 3
      }
    ]
  },
  {
    "nom": "Simplon",
    "point": {
      "x": 555,
      "y": 115
    },
    "stationGare": [
      {
        "id": 337,
        "ligne": 4
      }
    ]
  },
  {
    "nom": "Solférino",
    "point": {
      "x": 358,
      "y": 420
    },
    "stationGare": [
      {
        "id": 338,
        "ligne": 12
      }
    ]
  },
  {
    "nom": "Stalingrad",
    "point": {
      "x": 729,
      "y": 179
    },
    "stationGare": [
      {
        "id": 339,
        "ligne": 2
      },
      {
        "id": 340,
        "ligne": 5
      },
      {
        "id": 341,
        "ligne": 7
      }
    ]
  },
  {
    "nom": "Strasbourg Saint-Denis",
    "point": {
      "x": 619,
      "y": 283
    },
    "stationGare": [
      {
        "id": 342,
        "ligne": 2
      },
      {
        "id": 343,
        "ligne": 5
      },
      {
        "id": 344,
        "ligne": 7
      }
    ]
  },
  {
    "nom": "Sully Morland",
    "point": {
      "x": 633,
      "y": 424
    },
    "stationGare": [
      {
        "id": 345,
        "ligne": 7
      }
    ]
  },
  {
    "nom": "Sèvres Babylone",
    "point": {
      "x": 410,
      "y": 456
    },
    "stationGare": [
      {
        "id": 346,
        "ligne": 10
      },
      {
        "id": 347,
        "ligne": 12
      }
    ]
  },
  {
    "nom": "Ségur",
    "point": {
      "x": 321,
      "y": 495
    },
    "stationGare": [
      {
        "id": 348,
        "ligne": 10
      }
    ]
  },
  {
    "nom": "Temple",
    "point": {
      "x": 676,
      "y": 307
    },
    "stationGare": [
      {
        "id": 350,
        "ligne": 3
      }
    ]
  },
  {
    "nom": "Ternes",
    "point": {
      "x": 245,
      "y": 254
    },
    "stationGare": [
      {
        "id": 351,
        "ligne": 2
      }
    ]
  },
  {
    "nom": "Tolbiac",
    "point": {
      "x": 639,
      "y": 592
    },
    "stationGare": [
      {
        "id": 352,
        "ligne": 7
      }
    ]
  },
  {
    "nom": "Trinité d\u0027Estienne d\u0027Orves",
    "point": {
      "x": 432,
      "y": 234
    },
    "stationGare": [
      {
        "id": 353,
        "ligne": 12
      }
    ]
  },
  {
    "nom": "Trocadéro",
    "point": {
      "x": 143,
      "y": 368
    },
    "stationGare": [
      {
        "id": 354,
        "ligne": 6
      },
      {
        "id": 355,
        "ligne": 9
      }
    ]
  },
  {
    "nom": "Tuileries",
    "point": {
      "x": 377,
      "y": 368
    },
    "stationGare": [
      {
        "id": 356,
        "ligne": 1
      }
    ]
  },
  {
    "nom": "Télégraphe",
    "point": {
      "x": 922,
      "y": 239
    },
    "stationGare": [
      {
        "id": 357,
        "ligne": 11
      }
    ]
  },
  {
    "nom": "Vaneau",
    "point": {
      "x": 384,
      "y": 472
    },
    "stationGare": [
      {
        "id": 358,
        "ligne": 10
      }
    ]
  },
  {
    "nom": "Varenne",
    "point": {
      "x": 305,
      "y": 421
    },
    "stationGare": [
      {
        "id": 359,
        "ligne": 13
      }
    ]
  },
  {
    "nom": "Vaugirard",
    "point": {
      "x": 311,
      "y": 568
    },
    "stationGare": [
      {
        "id": 360,
        "ligne": 12
      }
    ]
  },
  {
    "nom": "Vavin",
    "point": {
      "x": 479,
      "y": 519
    },
    "stationGare": [
      {
        "id": 361,
        "ligne": 4
      }
    ]
  },
  {
    "nom": "Victor Hugo",
    "point": {
      "x": 158,
      "y": 310
    },
    "stationGare": [
      {
        "id": 362,
        "ligne": 2
      }
    ]
  },
  {
    "nom": "Villejuif, Louis Aragon",
    "point": {
      "x": 638,
      "y": 676
    },
    "stationGare": [
      {
        "id": 363,
        "ligne": 7
      }
    ]
  },
  {
    "nom": "Villejuif, Léo Lagrange",
    "point": {
      "x": 639,
      "y": 645
    },
    "stationGare": [
      {
        "id": 364,
        "ligne": 7
      }
    ]
  },
  {
    "nom": "Villejuif, P. Vaillant Couturier",
    "point": {
      "x": 641,
      "y": 661
    },
    "stationGare": [
      {
        "id": 365,
        "ligne": 7
      }
    ]
  },
  {
    "nom": "Villiers",
    "point": {
      "x": 322,
      "y": 200
    },
    "stationGare": [
      {
        "id": 366,
        "ligne": 2
      },
      {
        "id": 367,
        "ligne": 3
      }
    ]
  },
  {
    "nom": "Volontaires",
    "point": {
      "x": 338,
      "y": 551
    },
    "stationGare": [
      {
        "id": 368,
        "ligne": 12
      }
    ]
  },
  {
    "nom": "Voltaire",
    "point": {
      "x": 795,
      "y": 371
    },
    "stationGare": [
      {
        "id": 369,
        "ligne": 9
      }
    ]
  },
  {
    "nom": "Wagram",
    "point": {
      "x": 287,
      "y": 176
    },
    "stationGare": [
      {
        "id": 370,
        "ligne": 3
      }
    ]
  },
  {
    "nom": "École Militaire",
    "point": {
      "x": 254,
      "y": 425
    },
    "stationGare": [
      {
        "id": 371,
        "ligne": 8
      }
    ]
  },
  {
    "nom": "École Vétérinaire de Maisons-Alfort",
    "point": {
      "x": 899,
      "y": 601
    },
    "stationGare": [
      {
        "id": 372,
        "ligne": 8
      }
    ]
  },
  {
    "nom": "Église d\u0027Auteuil",
    "point": {
      "x": 118,
      "y": 503
    },
    "stationGare": [
      {
        "id": 373,
        "ligne": 10
      }
    ]
  },
  {
    "nom": "Église de Pantin",
    "point": {
      "x": 932,
      "y": 146
    },
    "stationGare": [
      {
        "id": 374,
        "ligne": 5
      }
    ]
  },
  {
    "nom": "Étienne Marcel",
    "point": {
      "x": 549,
      "y": 338
    },
    "stationGare": [
      {
        "id": 375,
        "ligne": 4
      }
    ]
  }
]
